Query Text,Query Type,Search Count,Share of Searches with Interactions,Share of Searches with Interactions Items,Share of Searches with Interactions Venues,Conversion Rate,Conversion Rate Items,Conversion Rate Venues,Avg Order Venue Position,Avg Order Item Position,Share of Searches with Empty Result
subway,text,4295,58.00%,1.21%,57.53%,24.87%,0.33%,24.54%,0.713619,0.015858,4.03%
burger,tag,3250,48.62%,4.86%,46.58%,19.38%,0.92%,18.46%,4.210777,0.079239,3.11%
burger,text,1942,30.07%,1.91%,29.04%,10.71%,0.31%,10.40%,3.903846,0.043269,3.71%
mcdonalds,text,1806,49.67%,0.78%,49.22%,15.78%,0.00%,15.78%,0.217544,0,2.82%
picnic,text,1452,54.75%,2.20%,53.65%,25.55%,0.21%,25.34%,0.887399,0.002681,2.27%
burger king,text,1423,60.15%,1.41%,59.66%,20.80%,0.21%,20.59%,0.787879,0.016835,3.37%
taco bell,text,1305,54.48%,0.69%,54.18%,20.38%,0.00%,20.38%,0.274436,0,2.84%
hesburger,text,1283,16.99%,0.31%,16.91%,3.51%,0.00%,3.51%,2.422222,0,3.04%
lie mi,text,1146,51.22%,5.24%,46.51%,20.16%,0.70%,19.46%,0.588745,0.025974,1.57%
pizza hut,text,1144,59.53%,1.75%,58.13%,17.13%,0.09%,17.05%,0.423469,0,2.01%
boneless,text,1139,58.74%,2.81%,57.42%,17.56%,0.18%,17.38%,1.53,0,2.72%
nepalese,tag,1125,51.91%,1.69%,51.47%,19.38%,0.09%,19.29%,4.388128,0.054795,2.58%
pharmacy,text,1109,52.84%,1.71%,52.03%,11.72%,0.36%,11.36%,0.572519,0.030534,5.86%
noodle,text,1062,46.61%,1.79%,46.52%,15.07%,0.09%,14.97%,1.33125,0.00625,2.17%
king kebab,text,1061,53.82%,1.23%,53.06%,24.69%,0.38%,24.41%,0.988593,0.030418,1.89%
friends & burgers,text,1052,50.57%,1.05%,49.90%,15.97%,0.00%,15.97%,0.666667,0,2.57%
chinese,tag,978,58.69%,4.29%,57.16%,17.28%,0.20%,17.08%,4.236686,0.011834,2.76%
kotkot,text,954,52.94%,2.41%,51.47%,16.14%,0.21%,15.93%,0.123377,0.019481,2.94%
arnolds,text,784,63.90%,1.28%,63.52%,15.43%,0.00%,15.43%,0.297521,0,2.17%
k market,text,714,58.12%,0.56%,57.98%,17.09%,0.00%,17.09%,1.991803,0,3.22%
naughty,text,671,56.48%,2.09%,55.74%,13.86%,0.00%,13.86%,0.344086,0,1.94%
green hippo,text,599,60.93%,2.84%,59.43%,18.36%,0.67%,17.70%,0.490909,0.027273,2.67%
levain,text,590,54.24%,1.53%,53.56%,15.93%,0.00%,15.93%,0.968085,0,0.85%
espresso,text,590,55.59%,0.68%,55.25%,13.05%,0.34%,12.71%,1.233766,0.012987,3.22%
eat poke,text,564,55.50%,1.42%,55.14%,22.70%,0.18%,22.52%,0.271318,0,1.60%
subway,recent_searches,542,57.75%,1.85%,57.01%,19.00%,0.92%,18.08%,0.567308,0.038462,6.64%
chicken,text,541,39.19%,2.03%,38.26%,8.87%,0.00%,8.87%,3.604167,0,3.51%
healthy,tag,529,50.47%,5.48%,48.20%,8.88%,0.38%,8.70%,4.270833,0.041667,1.32%
noodle story,text,507,57.99%,0.59%,57.40%,18.34%,0.20%,18.15%,0.150538,0,3.55%
indian,tag,495,49.70%,4.65%,47.68%,13.13%,1.01%,12.32%,2.287879,0.121212,4.44%
chitir,text,465,65.38%,2.15%,64.73%,21.08%,0.43%,20.65%,0.102041,0,3.23%
mexican,tag,453,50.77%,1.77%,49.89%,13.47%,0.22%,13.25%,2.327869,0,2.87%
levant,text,450,58.22%,0.44%,58.00%,18.67%,0.22%,18.44%,0.178571,0,2.67%
sushibar,text,444,50.23%,0.23%,50.23%,23.42%,0.00%,23.42%,1.811321,0,0.45%
poke bowl,tag,439,50.57%,7.52%,46.92%,12.98%,1.59%,11.39%,2.807018,0.263158,0.68%
vapiano,text,425,64.94%,1.41%,64.24%,11.06%,0.00%,11.06%,0.06383,0,3.06%
lunch,text,412,53.16%,8.50%,49.76%,8.01%,0.97%,7.04%,9.575758,1.424242,1.46%
hesbur,text,399,8.77%,0.25%,8.77%,0.75%,0.00%,0.75%,2.666667,0,5.26%
noodle,tag,396,48.48%,6.31%,45.96%,11.36%,0.51%,10.86%,1.733333,0.155556,2.02%
kotipizza,text,389,9.77%,0.00%,9.77%,2.06%,0.00%,2.06%,4.625,0,7.46%
k-market,text,378,50.00%,0.26%,50.00%,17.46%,0.00%,17.46%,1.712121,0,2.65%
espresso house,text,371,66.58%,0.81%,66.31%,17.25%,0.27%,16.98%,0.969697,0,1.89%
wolt market,text,371,56.33%,0.27%,56.06%,16.98%,0.00%,16.98%,0.079365,0,5.39%
mcdonald,text,355,41.41%,0.28%,41.13%,15.77%,0.00%,15.77%,0.089286,0,3.94%
sandwich,tag,354,51.69%,6.21%,49.44%,14.69%,1.13%,13.56%,1.773585,0.188679,5.65%
breakfast,text,353,56.66%,15.58%,50.42%,14.73%,3.68%,11.05%,3.603774,1.113208,0.28%
kokoro,text,351,61.25%,1.99%,60.97%,20.51%,0.57%,19.94%,0,0,1.71%
skiffer,text,349,55.30%,0.57%,55.01%,28.08%,0.00%,28.08%,0.653061,0,2.29%
tacobell,text,341,56.31%,0.00%,56.31%,18.77%,0.00%,18.77%,0.703125,0,3.52%
momotoko,text,338,57.40%,0.59%,57.10%,19.82%,0.30%,19.53%,0.074627,0,2.66%
mcdona,text,335,37.31%,0.30%,37.31%,16.12%,0.00%,16.12%,0.166667,0,2.99%
pancho,text,332,67.47%,0.90%,67.17%,16.27%,0.00%,16.27%,0.148148,0,5.72%
mc donalds,text,331,51.36%,0.00%,51.36%,21.75%,0.00%,21.75%,0.150685,0,4.83%
mashiro,text,318,61.01%,0.63%,60.69%,20.44%,0.00%,20.44%,0.030769,0,3.14%
chicken joint,text,310,54.84%,2.58%,54.19%,16.77%,0.97%,15.81%,0.942308,0,1.61%
verkkokauppa,text,309,4.21%,0.00%,4.21%,0.00%,0.00%,0.00%,,,5.83%
social,text,302,55.30%,1.32%,55.30%,16.56%,0.00%,16.56%,0,0,5.30%
salad,text,297,41.75%,13.80%,31.99%,9.43%,2.69%,6.73%,2.678571,0.714286,1.68%
mcdonal,text,295,41.36%,1.02%,40.34%,14.24%,0.00%,14.24%,0.238095,0,3.39%
bastard,text,285,63.51%,1.05%,63.16%,15.44%,0.35%,15.09%,0,0,3.86%
pretty,text,284,58.10%,1.41%,57.75%,15.14%,0.00%,15.14%,0,0,2.11%
market,text,284,54.93%,0.00%,54.93%,21.48%,0.00%,21.48%,2.016393,0,4.23%
pronto,text,257,64.59%,0.39%,64.59%,22.18%,0.00%,22.18%,0.421053,0,2.72%
tortilla,text,257,43.19%,0.78%,43.19%,18.68%,0.00%,18.68%,0.729167,0,2.33%
friend,text,257,44.75%,1.56%,43.97%,11.67%,0.00%,11.67%,0.1,0,1.95%
korean,text,254,49.61%,9.45%,47.24%,12.99%,0.79%,12.20%,2.636364,0,1.97%
pizzahut,text,254,61.42%,0.00%,61.42%,22.44%,0.00%,22.44%,0.140351,0,3.94%
puttes,text,247,60.73%,1.62%,59.51%,23.08%,0.81%,22.27%,0.105263,0,3.24%
chinese,text,246,49.59%,3.66%,47.97%,15.45%,0.00%,15.45%,4.948718,0,0.81%
tripla,text,245,52.65%,1.22%,52.24%,12.65%,0.00%,12.65%,9.16129,0,0.82%
indian,text,243,52.67%,4.53%,51.03%,13.58%,0.41%,13.17%,2.606061,0,1.23%
chinese,text,242,47.52%,1.24%,46.69%,17.36%,0.41%,16.94%,1.857143,0.095238,1.24%
mcdonalds,recent_searches,241,60.58%,0.83%,59.75%,21.58%,0.41%,21.16%,0.075472,0.245283,2.07%
breakfast,text,236,57.20%,11.44%,51.69%,10.59%,1.27%,9.32%,6.851852,0.740741,1.27%
gateau,text,231,56.71%,2.60%,55.41%,17.32%,0.00%,17.32%,1.952381,0,3.46%
chalupa,text,225,55.11%,2.22%,52.89%,20.89%,0.44%,20.44%,0.276596,0,1.33%
bröner,text,224,0.45%,0.00%,0.45%,0.00%,0.00%,0.00%,,,21.43%
king ke,text,224,35.71%,1.34%,34.82%,18.75%,0.89%,17.86%,0.952381,0.142857,0.89%
jungle,text,223,47.98%,0.90%,47.09%,20.63%,0.00%,20.63%,0.456522,0,3.59%
döner harju,text,223,53.81%,0.90%,53.36%,21.08%,0.45%,20.63%,0.041667,0,2.24%
nepalese,text,220,48.64%,1.36%,47.73%,23.18%,0.00%,23.18%,3.078431,0,0.45%
intersport,text,220,48.18%,6.36%,42.73%,0.91%,0.00%,0.91%,0,0,13.64%
burger company,text,217,61.29%,1.38%,60.83%,16.59%,0.00%,16.59%,0.222222,0,2.77%
starbucks,text,211,57.82%,2.37%,57.35%,9.00%,0.00%,9.00%,0.210526,0,0.47%
bär bar,text,207,50.24%,0.97%,50.24%,16.91%,0.00%,16.91%,0.457143,0,0.48%
kmarket,text,207,59.90%,0.00%,59.90%,21.26%,0.00%,21.26%,1.511111,0,1.93%
blondie,text,197,1.02%,0.00%,1.02%,0.00%,0.00%,0.00%,,,1.52%
sushi bar,text,192,45.83%,0.52%,45.31%,15.63%,0.00%,15.63%,2.033333,0,1.04%
noodle master,text,192,66.67%,2.08%,65.63%,15.63%,0.52%,15.10%,0.033333,0,6.77%
burger king,recent_searches,192,61.46%,0.00%,61.46%,16.67%,0.00%,16.67%,0.46875,0,3.13%
grocery,tag,190,44.74%,0.00%,44.74%,19.47%,0.00%,19.47%,1.378378,0,2.11%
momento,text,185,64.32%,2.16%,62.70%,19.46%,1.08%,18.38%,0.111111,0.111111,6.49%
vegetarian,tag,182,31.87%,5.49%,28.57%,3.85%,0.55%,3.30%,9.714286,0.428571,6.59%
nepali,text,181,40.33%,2.76%,38.67%,14.92%,0.55%,14.36%,2.333333,0.037037,0.00%
burgerking,text,180,52.22%,0.00%,52.22%,17.78%,0.00%,17.78%,0.53125,0,3.89%
hanko aasia,text,180,58.89%,1.11%,57.78%,16.11%,0.00%,16.11%,0.310345,0,3.89%
sushi panda,text,179,63.13%,1.12%,62.57%,22.35%,0.00%,22.35%,0.225,0,2.23%
boneless,recent_searches,177,50.85%,1.69%,49.72%,18.08%,0.00%,18.08%,0.40625,0,6.78%
prisma,text,173,38.15%,0.00%,38.15%,5.20%,0.00%,5.20%,1.111111,0,10.40%
kotipi,text,170,3.53%,0.00%,3.53%,0.00%,0.00%,0.00%,,,10.59%
poke bowl,text,170,46.47%,7.06%,45.29%,20.00%,1.76%,18.24%,3.029412,0.470588,1.76%
via tri,text,168,45.83%,1.19%,45.24%,14.88%,0.60%,14.29%,0.12,0,2.38%
tandoori,text,166,52.41%,0.60%,52.41%,13.86%,0.00%,13.86%,0.608696,0,4.22%
verkko,text,166,2.41%,0.00%,2.41%,0.00%,0.00%,0.00%,,,2.41%
siipiweikot,text,166,46.99%,3.01%,43.98%,14.46%,0.00%,14.46%,4.833333,0,2.41%
baba döner,text,165,0.00%,0.00%,0.00%,0.00%,0.00%,0.00%,,,100.00%
morton,text,161,63.98%,3.73%,60.87%,16.15%,0.62%,15.53%,0,0,2.48%
tortilla house,text,161,54.04%,1.24%,52.80%,21.12%,0.62%,20.50%,0.735294,0,1.86%
arnold,text,160,62.50%,1.88%,61.25%,19.38%,1.25%,18.13%,0.096774,0.096774,3.13%
via tribunali,text,158,58.23%,1.27%,56.96%,20.25%,1.27%,18.99%,0.3125,0,3.16%
taco bell,recent_searches,158,60.13%,0.63%,59.49%,23.42%,0.00%,23.42%,0.243243,0,1.90%
dumplings,text,157,54.14%,10.83%,50.32%,12.10%,1.27%,10.83%,1.315789,0.894737,0.00%
espress,text,156,50.00%,0.64%,50.00%,9.62%,0.00%,9.62%,0,0,3.85%
treffi,text,154,59.74%,1.30%,59.09%,20.13%,0.65%,19.48%,0.16129,0.193548,1.30%
burger,recent_searches,153,47.06%,5.23%,44.44%,18.30%,0.00%,18.30%,4.857143,0,5.88%
daddy greens,text,152,61.18%,0.66%,61.18%,15.13%,0.00%,15.13%,0.130435,0,4.61%
musti ja mirri,text,148,60.14%,0.68%,59.46%,20.95%,0.00%,20.95%,0.741935,0,4.05%
kot kot,text,147,40.82%,1.36%,40.82%,11.56%,0.00%,11.56%,0,0,3.40%
soup,text,147,51.70%,14.97%,44.22%,9.52%,2.04%,7.48%,5.571429,0.357143,0.68%
cafe,text,145,62.07%,3.45%,60.69%,12.41%,0.00%,12.41%,3.944444,0,0.00%
coffee,text,144,45.14%,4.86%,43.75%,13.19%,0.69%,12.50%,1.842105,0,1.39%
vallila,text,143,38.46%,0.00%,38.46%,11.19%,0.00%,11.19%,2.625,0,1.40%
peking,text,143,55.94%,2.10%,55.94%,20.98%,0.00%,20.98%,0.133333,0,1.40%
ice cream,text,143,39.86%,1.40%,38.46%,11.19%,0.70%,10.49%,1.375,0.125,1.40%
bonele,text,142,46.48%,0.70%,45.77%,7.75%,0.00%,7.75%,0.090909,0,0.70%
pho viet,text,138,53.62%,0.00%,53.62%,16.67%,0.00%,16.67%,0.434783,0,2.90%
smoothie,text,138,52.90%,9.42%,47.83%,15.22%,2.90%,12.32%,2.095238,0.380952,0.72%
k supermarket,text,137,43.80%,0.00%,43.80%,13.14%,0.00%,13.14%,1.166667,0,3.65%
grill,text,136,51.47%,8.82%,49.26%,8.82%,0.74%,8.09%,2,0.083333,3.68%
matcha,text,135,59.26%,14.07%,55.56%,5.19%,0.00%,5.19%,4.857143,0,2.96%
pizza express,text,135,50.37%,1.48%,50.37%,17.04%,0.00%,17.04%,0.608696,0,2.22%
seksico,text,132,71.21%,4.55%,71.21%,9.85%,0.00%,9.85%,0.769231,0,2.27%
mc don,text,132,41.67%,0.00%,41.67%,17.42%,0.00%,17.42%,0.304348,0,6.06%
k market,recent_searches,132,68.94%,0.00%,68.94%,23.48%,0.00%,23.48%,2.032258,0,7.58%
via tr,text,131,42.75%,0.76%,42.75%,17.56%,0.00%,17.56%,0.130435,0,3.82%
burrito,text,128,46.09%,3.91%,43.75%,14.06%,0.00%,14.06%,0.888889,0,1.56%
k super,text,127,48.82%,0.00%,48.82%,16.54%,0.00%,16.54%,1.52381,0,3.94%
stockmann,text,122,68.03%,0.00%,68.03%,5.74%,0.00%,5.74%,0.571429,0,3.28%
capperi,text,122,54.92%,0.00%,54.92%,14.75%,0.00%,14.75%,0.166667,0,3.28%
capris,text,121,49.59%,0.00%,49.59%,23.97%,0.00%,23.97%,0.344828,0,3.31%
noodles,text,119,46.22%,10.08%,41.18%,9.24%,2.52%,6.72%,5.090909,0.363636,0.84%
pad thai,text,119,55.46%,19.33%,42.86%,15.97%,2.52%,13.45%,0.894737,0.052632,0.84%
napoli,text,118,49.15%,0.85%,48.31%,16.95%,0.00%,16.95%,1.95,0,5.93%
mcdonald’s,text,118,39.83%,0.00%,39.83%,16.10%,0.00%,16.10%,0.210526,0,13.56%
king kebab,recent_searches,118,48.31%,1.69%,47.46%,21.19%,0.85%,20.34%,0.8,0,2.54%
pretty boy,text,116,65.52%,2.59%,64.66%,18.97%,0.00%,18.97%,0.181818,0,2.59%
hair dye,text,116,42.24%,18.97%,34.48%,5.17%,3.45%,1.72%,0.166667,0.666667,2.59%
mei lin,text,114,54.39%,0.00%,54.39%,14.91%,0.00%,14.91%,0.470588,0,3.51%
hesburger ,text,112,22.32%,0.89%,21.43%,3.57%,0.00%,3.57%,2.75,0,2.68%
daddy green,text,111,49.55%,0.00%,49.55%,14.41%,0.00%,14.41%,0.0625,0,1.80%
lie mi,recent_searches,111,50.45%,3.60%,46.85%,19.82%,0.00%,19.82%,1.909091,0,2.70%
magnum,text,110,19.09%,9.09%,10.91%,0.91%,0.00%,0.91%,1,0,0.91%
karkki,text,109,58.72%,0.92%,57.80%,14.68%,0.00%,14.68%,2.125,0,0.92%
snacky,text,109,37.61%,0.92%,36.70%,2.75%,0.00%,2.75%,0,0,1.83%
vietnam,text,108,48.15%,2.78%,48.15%,15.74%,0.00%,15.74%,2.117647,0,2.78%
pizza hut,recent_searches,107,61.68%,0.93%,60.75%,25.23%,0.00%,25.23%,1.518519,0,1.87%
bangkok,text,106,50.00%,0.00%,50.00%,15.09%,0.00%,15.09%,0.25,0,0.00%
georgian,text,104,49.04%,7.69%,44.23%,13.46%,1.92%,11.54%,0.928571,0.285714,0.00%
super bowl,text,104,58.65%,0.00%,58.65%,17.31%,0.00%,17.31%,0.611111,0,1.92%
via tribu,text,103,43.69%,0.00%,43.69%,15.53%,0.00%,15.53%,0.375,0,2.91%
bubble tea,text,103,52.43%,0.97%,52.43%,18.45%,0.00%,18.45%,3.578947,0,0.97%
fried chicken,text,102,52.94%,6.86%,51.96%,13.73%,0.98%,12.75%,3.5,0.285714,1.96%
manala,text,102,59.80%,0.98%,58.82%,28.43%,0.98%,27.45%,0,0.137931,0.98%
indian,text,102,44.12%,2.94%,43.14%,11.76%,0.00%,11.76%,4.083333,0,0.98%
picnic,recent_searches,101,56.44%,0.99%,55.45%,22.77%,0.99%,21.78%,3.913043,0,2.97%
everest,text,101,51.49%,0.99%,50.50%,24.75%,0.00%,24.75%,0.4,0,3.96%
subway ,text,99,60.61%,1.01%,59.60%,23.23%,0.00%,23.23%,0.434783,0,7.07%
butter chicken,text,99,45.45%,28.28%,25.25%,16.16%,10.10%,6.06%,2.125,1.6875,4.04%
just vege,text,98,62.24%,1.02%,61.22%,25.51%,0.00%,25.51%,0.16,0,5.10%
hanko sushi,text,98,47.96%,0.00%,47.96%,23.47%,0.00%,23.47%,0.173913,0,1.02%
thai vegan,text,97,58.76%,0.00%,58.76%,19.59%,0.00%,19.59%,1.526316,0,0.00%
faselli,text,97,64.95%,2.06%,63.92%,11.34%,1.03%,10.31%,0,0,1.03%
k-supermarket,text,97,59.79%,1.03%,58.76%,18.56%,0.00%,18.56%,1.055556,0,2.06%
pharmacy,tag,97,47.42%,5.15%,42.27%,5.15%,0.00%,5.15%,0.2,0,0.00%
naughty burger,text,96,39.58%,3.13%,37.50%,10.42%,0.00%,10.42%,0.6,0,3.13%
burger kin,text,96,35.42%,0.00%,35.42%,11.46%,0.00%,11.46%,0.636364,0,6.25%
dif döner,text,96,60.42%,3.13%,58.33%,9.38%,0.00%,9.38%,0.111111,0,4.17%
classic,text,95,45.26%,0.00%,45.26%,20.00%,0.00%,20.00%,0.315789,0,1.05%
bärbar,text,95,60.00%,1.05%,60.00%,24.21%,0.00%,24.21%,0.869565,0,4.21%
sizzle,text,94,61.70%,0.00%,61.70%,23.40%,0.00%,23.40%,0.409091,0,2.13%
mc donal,text,94,32.98%,0.00%,32.98%,15.96%,0.00%,15.96%,0.066667,0,7.45%
banh mi,text,92,60.87%,13.04%,53.26%,20.65%,1.09%,19.57%,0.631579,0.157895,2.17%
mc dona,text,91,37.36%,0.00%,37.36%,14.29%,0.00%,14.29%,0.153846,0,7.69%
olivia,text,91,48.35%,1.10%,47.25%,17.58%,1.10%,16.48%,0.0625,0.125,5.49%
pharmacy,recent_searches,91,57.14%,1.10%,56.04%,9.89%,0.00%,9.89%,1.1,0,3.30%
relove,text,90,68.89%,2.22%,66.67%,12.22%,0.00%,12.22%,0.181818,0,1.11%
bonbon,text,90,23.33%,1.11%,22.22%,1.11%,0.00%,1.11%,0,0,2.22%
salmon soup,text,90,52.22%,22.22%,42.22%,20.00%,11.11%,8.89%,2.944444,1.777778,2.22%
falafel,text,89,44.94%,4.49%,42.70%,11.24%,0.00%,11.24%,10.2,0,0.00%
la torre,text,89,62.92%,2.25%,60.67%,17.98%,0.00%,17.98%,1.3125,0,0.00%
kotkot,recent_searches,89,50.56%,1.12%,49.44%,13.48%,0.00%,13.48%,0.166667,0,0.00%
bakery,text,88,52.27%,2.27%,52.27%,15.91%,0.00%,15.91%,5.285714,0,1.14%
makalu,text,88,61.36%,0.00%,61.36%,19.32%,0.00%,19.32%,0,0,5.68%
healthy,text,87,45.98%,4.60%,44.83%,5.75%,1.15%,4.60%,1,1.6,0.00%
ekberg,text,87,62.07%,0.00%,62.07%,16.09%,0.00%,16.09%,0,0,1.15%
eerikin,text,86,44.19%,0.00%,44.19%,15.12%,0.00%,15.12%,0,0,2.33%
burger com,text,86,54.65%,2.33%,53.49%,13.95%,0.00%,13.95%,2.083333,0,1.16%
limone,text,86,60.47%,0.00%,60.47%,20.93%,0.00%,20.93%,0.055556,0,1.16%
store,text,85,42.35%,0.00%,42.35%,11.76%,0.00%,11.76%,4.3,0,4.71%
daddy gree,text,85,37.65%,1.18%,37.65%,5.88%,0.00%,5.88%,0.6,0,1.18%
burger ki,text,84,44.05%,1.19%,44.05%,14.29%,0.00%,14.29%,0.416667,0,1.19%
mcdonald's ,text,84,64.29%,0.00%,64.29%,19.05%,0.00%,19.05%,0.125,0,11.90%
jungle juice,text,83,44.58%,4.82%,42.17%,20.48%,0.00%,20.48%,0.941176,0,1.20%
inters,text,83,24.10%,4.82%,19.28%,0.00%,0.00%,0.00%,,,8.43%
minato,text,83,48.19%,0.00%,48.19%,12.05%,0.00%,12.05%,0,0,2.41%
burger ,text,83,36.14%,1.20%,34.94%,13.25%,0.00%,13.25%,0.545455,0,20.48%
korona,text,82,40.24%,28.05%,15.85%,18.29%,9.76%,8.54%,0.133333,0,6.10%
mc donalds,recent_searches,82,53.66%,0.00%,53.66%,18.29%,0.00%,18.29%,0.066667,0,0.00%
fat lizard,text,81,65.43%,3.70%,64.20%,12.35%,0.00%,12.35%,0,0,3.70%
vietnamese,text,81,56.79%,6.17%,55.56%,17.28%,0.00%,17.28%,2.928571,0,2.47%
vibami,text,81,66.67%,0.00%,66.67%,18.52%,0.00%,18.52%,0,0,0.00%
long wall,text,81,54.32%,2.47%,54.32%,20.99%,0.00%,20.99%,0,0,2.47%
street,text,80,42.50%,0.00%,42.50%,17.50%,0.00%,17.50%,1.214286,0,1.25%
dessert,text,80,50.00%,8.75%,46.25%,6.25%,0.00%,6.25%,4.2,0,1.25%
hesburg,text,80,3.75%,0.00%,3.75%,0.00%,0.00%,0.00%,,,1.25%
roberts,text,80,60.00%,1.25%,60.00%,10.00%,0.00%,10.00%,0.5,0,1.25%
mr lau,text,79,64.56%,1.27%,63.29%,29.11%,0.00%,29.11%,0,0,1.27%
deliberi,text,79,70.89%,1.27%,69.62%,16.46%,0.00%,16.46%,0.153846,0,1.27%
tuktuk,text,78,66.67%,0.00%,66.67%,17.95%,0.00%,17.95%,0,0,0.00%
bubble,text,78,52.56%,3.85%,48.72%,8.97%,1.28%,7.69%,0.714286,0,0.00%
glutenfree,text,78,46.15%,10.26%,37.18%,5.13%,0.00%,5.13%,8.75,0,1.28%
villa nepal,text,78,57.69%,0.00%,57.69%,16.67%,0.00%,16.67%,0.230769,0,2.56%
thai orchid,text,78,43.59%,0.00%,43.59%,1.28%,0.00%,1.28%,0,0,2.56%
friends and,text,77,25.97%,0.00%,25.97%,5.19%,0.00%,5.19%,0,0,1.30%
sexico,text,77,57.14%,0.00%,57.14%,25.97%,0.00%,25.97%,0,0,11.69%
brunssi,text,77,55.84%,23.38%,42.86%,11.69%,3.90%,7.79%,3.777778,1.888889,0.00%
friends ,text,77,45.45%,1.30%,45.45%,6.49%,0.00%,6.49%,0,0,3.90%
king k,text,77,24.68%,1.30%,23.38%,11.69%,0.00%,11.69%,2.111111,0,2.60%
donut,text,76,40.79%,3.95%,38.16%,15.79%,1.32%,14.47%,2.666667,0.166667,5.26%
big bowl,text,76,42.11%,2.63%,42.11%,6.58%,0.00%,6.58%,0.8,0,2.63%
better,text,76,36.84%,1.32%,35.53%,11.84%,1.32%,10.53%,0.777778,0,1.32%
espresso,recent_searches,74,58.11%,4.05%,56.76%,18.92%,0.00%,18.92%,0.785714,0,1.35%
mc donald,text,74,40.54%,0.00%,40.54%,13.51%,0.00%,13.51%,0.7,0,6.76%
burger comp,text,74,60.81%,1.35%,59.46%,9.46%,0.00%,9.46%,0.142857,0,5.41%
k-super,text,74,32.43%,0.00%,32.43%,9.46%,0.00%,9.46%,2.571429,0,2.70%
hamburger,text,73,45.21%,1.37%,43.84%,13.70%,0.00%,13.70%,6.3,0,2.74%
mexican,text,73,50.68%,1.37%,49.32%,16.44%,0.00%,16.44%,3.583333,0,1.37%
alfons,text,73,72.60%,0.00%,72.60%,13.70%,0.00%,13.70%,0,0,1.37%
pontus,text,73,61.64%,0.00%,61.64%,17.81%,0.00%,17.81%,0,0,2.74%
teemu aura,text,73,65.75%,5.48%,61.64%,17.81%,0.00%,17.81%,0.153846,0,0.00%
desert,text,73,32.88%,4.11%,30.14%,6.85%,1.37%,5.48%,9.8,0.8,0.00%
pizza ,text,73,23.29%,1.37%,23.29%,2.74%,0.00%,2.74%,1,0,9.59%
tandoori villa,text,73,53.42%,1.37%,53.42%,19.18%,0.00%,19.18%,0.142857,0,4.11%
espresso house,recent_searches,73,78.08%,1.37%,78.08%,13.70%,0.00%,13.70%,0.7,0,0.00%
pharma,text,72,40.28%,0.00%,40.28%,5.56%,0.00%,5.56%,0,0,4.17%
flowers,text,72,41.67%,5.56%,40.28%,18.06%,1.39%,16.67%,2.615385,0.076923,1.39%
sunkosi,text,72,69.44%,2.78%,68.06%,25.00%,0.00%,25.00%,0,0,1.39%
arnolds,recent_searches,72,55.56%,0.00%,55.56%,15.28%,0.00%,15.28%,0,0,1.39%
naught,text,72,54.17%,1.39%,52.78%,9.72%,0.00%,9.72%,0.25,0,0.00%
onigiri,text,72,48.61%,12.50%,40.28%,2.78%,1.39%,1.39%,0,0,1.39%
tribunali,text,72,55.56%,2.78%,54.17%,23.61%,0.00%,23.61%,0.117647,0,1.39%
friends,recent_searches,71,69.01%,1.41%,67.61%,19.72%,0.00%,19.72%,0.857143,0,4.23%
green hippo,recent_searches,71,64.79%,4.23%,63.38%,21.13%,1.41%,19.72%,0.666667,0,2.82%
uyghur,text,71,54.93%,5.63%,53.52%,1.41%,0.00%,1.41%,0,0,2.82%
pancho villa,text,71,67.61%,2.82%,64.79%,14.08%,0.00%,14.08%,0.1,0,9.86%
restaurant,text,70,10.00%,1.43%,8.57%,1.43%,0.00%,1.43%,0,0,2.86%
biryani,text,70,44.29%,25.71%,28.57%,12.86%,7.14%,5.71%,1.111111,1,0.00%
taco b,text,69,30.43%,0.00%,30.43%,18.84%,0.00%,18.84%,0.307692,0,4.35%
gift card,text,69,60.87%,2.90%,57.97%,44.93%,0.00%,44.93%,0.064516,0,7.25%
kallio,text,68,38.24%,0.00%,38.24%,16.18%,0.00%,16.18%,3.454545,0,1.47%
pizzeria,text,68,25.00%,1.47%,23.53%,8.82%,0.00%,8.82%,0.666667,0,2.94%
fried rice,text,68,54.41%,17.65%,39.71%,14.71%,4.41%,10.29%,2.6,0.2,1.47%
supermarket,text,68,64.71%,0.00%,64.71%,22.06%,0.00%,22.06%,2.266667,0,1.47%
sausage,text,68,26.47%,26.47%,1.47%,5.88%,5.88%,0.00%,0,1.5,2.94%
tortill,text,68,36.76%,1.47%,35.29%,22.06%,1.47%,20.59%,0.466667,0.133333,0.00%
dumpling,text,68,55.88%,11.76%,50.00%,8.82%,2.94%,5.88%,0.5,1.833333,2.94%
pizza hu,text,68,38.24%,1.47%,36.76%,8.82%,0.00%,8.82%,0,0,4.41%
plants,text,68,39.71%,0.00%,39.71%,19.12%,0.00%,19.12%,0,0,1.47%
kampai,text,67,61.19%,1.49%,59.70%,19.40%,0.00%,19.40%,3.384615,0,1.49%
flowers,tag,67,59.70%,7.46%,56.72%,10.45%,0.00%,10.45%,5.142857,0,2.99%
sandwich,text,67,50.75%,4.48%,46.27%,8.96%,0.00%,8.96%,5.333333,0,0.00%
sivuraide,text,67,62.69%,0.00%,62.69%,14.93%,0.00%,14.93%,0,0,4.48%
fazer cafe,text,66,54.55%,3.03%,53.03%,9.09%,0.00%,9.09%,0.333333,0,0.00%
waffle,text,66,54.55%,9.09%,51.52%,10.61%,0.00%,10.61%,1.428571,0,0.00%
taco be,text,66,27.27%,0.00%,27.27%,9.09%,0.00%,9.09%,0,0,3.03%
cheese,text,66,15.15%,3.03%,13.64%,3.03%,0.00%,3.03%,0,0,6.06%
joe and,text,66,43.94%,0.00%,43.94%,9.09%,0.00%,9.09%,2.166667,0,6.06%
siipiw,text,65,38.46%,1.54%,38.46%,10.77%,1.54%,9.23%,0.857143,0,4.62%
eatpoke,text,65,67.69%,0.00%,67.69%,20.00%,0.00%,20.00%,0.307692,0,3.08%
boneles,text,65,40.00%,0.00%,40.00%,15.38%,0.00%,15.38%,1.1,0,3.08%
noodle,recent_searches,64,54.69%,1.56%,54.69%,15.63%,0.00%,15.63%,1.9,0,0.00%
vietna,text,64,21.88%,3.13%,20.31%,10.94%,0.00%,10.94%,2.428571,0,3.13%
tuk tuk,text,64,48.44%,0.00%,48.44%,20.31%,0.00%,20.31%,0,0,1.56%
king keb,text,63,34.92%,1.59%,34.92%,19.05%,0.00%,19.05%,0.25,0,3.17%
presto,text,63,76.19%,1.59%,76.19%,12.70%,0.00%,12.70%,0.125,0,1.59%
clas oh,text,63,0.00%,0.00%,0.00%,0.00%,0.00%,0.00%,,,1.59%
via trib,text,63,52.38%,0.00%,52.38%,23.81%,0.00%,23.81%,0.125,0,1.59%
charger,text,63,47.62%,12.70%,41.27%,9.52%,3.17%,7.94%,0.142857,1.428571,0.00%
friends and burgers,text,63,46.03%,1.59%,46.03%,11.11%,0.00%,11.11%,0,0,1.59%
mcdonals,text,62,38.71%,0.00%,38.71%,16.13%,0.00%,16.13%,0.2,0,20.97%
ren he,text,62,46.77%,1.61%,45.16%,27.42%,1.61%,25.81%,0,0.058824,0.00%
clas ohlson,text,62,0.00%,0.00%,0.00%,0.00%,0.00%,0.00%,,,100.00%
mantra,text,62,56.45%,1.61%,56.45%,22.58%,0.00%,22.58%,0,0,0.00%
chitir,recent_searches,62,51.61%,0.00%,51.61%,17.74%,0.00%,17.74%,0.727273,0,4.84%
mcdonald,recent_searches,61,55.74%,1.64%,55.74%,19.67%,0.00%,19.67%,0.083333,0,4.92%
mountain,text,61,40.98%,0.00%,40.98%,21.31%,0.00%,21.31%,0,0,0.00%
donut,text,61,67.21%,11.48%,63.93%,9.84%,0.00%,9.84%,4,0,0.00%
shanghai,text,61,32.79%,13.11%,22.95%,13.11%,4.92%,8.20%,0.125,0.625,0.00%
wolt ma,text,61,34.43%,0.00%,34.43%,13.11%,0.00%,13.11%,0.125,0,6.56%
cafe bar,text,60,51.67%,0.00%,51.67%,16.67%,0.00%,16.67%,0.3,0,3.33%
clas ohl,text,59,0.00%,0.00%,0.00%,0.00%,0.00%,0.00%,,,100.00%
huippu,text,59,64.41%,0.00%,64.41%,5.08%,0.00%,5.08%,0,0,1.69%
noodle s,text,59,35.59%,1.69%,35.59%,23.73%,0.00%,23.73%,0,0,1.69%
wings,text,59,37.29%,6.78%,33.90%,13.56%,1.69%,11.86%,3.375,0.375,1.69%
brunch,text,59,44.07%,10.17%,42.37%,13.56%,3.39%,10.17%,1.25,1.875,0.00%
koti pizza,text,59,8.47%,0.00%,8.47%,0.00%,0.00%,0.00%,,,0.00%
shawarma,text,58,55.17%,13.79%,51.72%,5.17%,1.72%,3.45%,1.666667,1.333333,1.72%
starbucks,recent_searches,58,77.59%,1.72%,77.59%,5.17%,0.00%,5.17%,0.666667,0,5.17%
lasagne,text,57,47.37%,8.77%,42.11%,10.53%,3.51%,7.02%,0.5,0.166667,0.00%
pizza ex,text,57,47.37%,3.51%,45.61%,15.79%,0.00%,15.79%,0.555556,0,5.26%
sherpa,text,57,63.16%,1.75%,63.16%,15.79%,1.75%,14.04%,0,0,10.53%
s market,text,57,38.60%,1.75%,36.84%,3.51%,0.00%,3.51%,0,0,1.75%
golden,text,57,40.35%,1.75%,38.60%,12.28%,0.00%,12.28%,0,0,5.26%
mcdonald's,text,57,36.84%,0.00%,36.84%,7.02%,0.00%,7.02%,0.25,0,7.02%
king keba,text,56,28.57%,0.00%,28.57%,12.50%,0.00%,12.50%,0.428571,0,1.79%
k mark,text,56,44.64%,0.00%,44.64%,16.07%,0.00%,16.07%,3.222222,0,8.93%
butter,text,56,17.86%,7.14%,12.50%,3.57%,1.79%,1.79%,0,0.5,3.57%
green hi,text,56,30.36%,1.79%,30.36%,10.71%,0.00%,10.71%,0.166667,0,1.79%
social burger,text,56,55.36%,1.79%,53.57%,8.93%,0.00%,8.93%,0,0,3.57%
vallila food,text,56,58.93%,0.00%,58.93%,14.29%,0.00%,14.29%,0.25,0,1.79%
bamilami,text,56,76.79%,0.00%,76.79%,1.79%,0.00%,1.79%,0,0,1.79%
rinkula,text,55,61.82%,1.82%,60.00%,9.09%,0.00%,9.09%,0,0,0.00%
georgia,text,55,40.00%,5.45%,36.36%,9.09%,0.00%,9.09%,0,0,0.00%
yeastie,text,55,67.27%,1.82%,67.27%,5.45%,0.00%,5.45%,0,0,0.00%
robert,text,54,48.15%,1.85%,48.15%,7.41%,0.00%,7.41%,1,0,0.00%
kimchi,text,54,51.85%,16.67%,44.44%,12.96%,5.56%,7.41%,1.428571,4.857143,3.70%
chinese,recent_searches,54,57.41%,3.70%,55.56%,22.22%,1.85%,20.37%,4.333333,0.083333,3.70%
mustapekka,text,54,64.81%,0.00%,64.81%,12.96%,0.00%,12.96%,0,0,5.56%
interspo,text,54,18.52%,3.70%,14.81%,1.85%,0.00%,1.85%,0,0,9.26%
home food,text,54,46.30%,0.00%,46.30%,5.56%,0.00%,5.56%,9.333333,0,5.56%
bastar,text,53,41.51%,0.00%,41.51%,15.09%,0.00%,15.09%,0,0,3.77%
verkkokau,text,53,1.89%,0.00%,1.89%,0.00%,0.00%,0.00%,,,7.55%
apollo,text,53,50.94%,0.00%,50.94%,16.98%,0.00%,16.98%,0,0,0.00%
thai or,text,53,35.85%,1.89%,35.85%,5.66%,1.89%,3.77%,0.666667,0,0.00%
italian,text,52,48.08%,3.85%,48.08%,7.69%,0.00%,7.69%,8.5,0,0.00%
finnkino,text,52,69.23%,1.92%,69.23%,15.38%,0.00%,15.38%,0,0,3.85%
kamppi,text,52,38.46%,0.00%,38.46%,9.62%,0.00%,9.62%,2.8,0,3.85%
kanniston,text,52,51.92%,3.85%,50.00%,5.77%,1.92%,3.85%,0,0,5.77%
hanko asia,text,52,46.15%,0.00%,46.15%,19.23%,0.00%,19.23%,0.2,0,5.77%
phad thai,text,52,50.00%,15.38%,40.38%,21.15%,11.54%,9.62%,0.454545,1.363636,0.00%
kotipizz,text,52,0.00%,0.00%,0.00%,0.00%,0.00%,0.00%,,,15.38%
eat po,text,52,40.38%,0.00%,40.38%,17.31%,0.00%,17.31%,0,0,0.00%
verkkokauppa.com,text,52,0.00%,0.00%,0.00%,0.00%,0.00%,0.00%,,,100.00%
jumbowl,text,51,78.43%,0.00%,78.43%,11.76%,0.00%,11.76%,0.166667,0,5.88%
twisted,text,51,45.10%,0.00%,45.10%,13.73%,0.00%,13.73%,0,0,1.96%
chicken join,text,51,43.14%,0.00%,43.14%,17.65%,0.00%,17.65%,0,0,3.92%
poke amigos,text,50,48.00%,0.00%,48.00%,24.00%,0.00%,24.00%,0.25,0,4.00%
japanese,text,50,52.00%,10.00%,46.00%,10.00%,0.00%,10.00%,2.2,0,0.00%
manskun,text,50,52.00%,2.00%,52.00%,24.00%,0.00%,24.00%,0,0,0.00%
tiramisu,text,50,58.00%,34.00%,32.00%,24.00%,8.00%,16.00%,0.583333,2.083333,2.00%
milk shake,text,50,66.00%,28.00%,46.00%,4.00%,2.00%,2.00%,0,0,0.00%
verkkoka,text,49,0.00%,0.00%,0.00%,0.00%,0.00%,0.00%,,,0.00%
burana,text,49,42.86%,28.57%,22.45%,14.29%,2.04%,12.24%,0,0.285714,4.08%
ice cream,text,49,42.86%,8.16%,38.78%,8.16%,0.00%,8.16%,3.5,0,0.00%
superbowl,text,49,59.18%,0.00%,59.18%,20.41%,0.00%,20.41%,0.3,0,4.08%
kmarket,recent_searches,49,57.14%,0.00%,57.14%,10.20%,0.00%,10.20%,0.2,0,8.16%
friends &,text,49,16.33%,0.00%,16.33%,4.08%,0.00%,4.08%,0,0,0.00%
hot dog,text,49,34.69%,8.16%,30.61%,4.08%,2.04%,2.04%,0,0,0.00%
bahn mi,text,48,52.08%,0.00%,52.08%,14.58%,0.00%,14.58%,0.5,0,0.00%
saigon,text,48,29.17%,2.08%,27.08%,2.08%,0.00%,2.08%,0,0,6.25%
musti ja,text,48,41.67%,0.00%,41.67%,22.92%,0.00%,22.92%,2.454545,0,6.25%
sushi san,text,48,52.08%,6.25%,47.92%,16.67%,0.00%,16.67%,0.125,0,2.08%
r kioski,text,48,56.25%,2.08%,54.17%,14.58%,0.00%,14.58%,0.285714,0,10.42%
barots,text,48,66.67%,0.00%,66.67%,14.58%,0.00%,14.58%,0,0,22.92%
belmont,text,48,66.67%,4.17%,64.58%,2.08%,0.00%,2.08%,0,0,0.00%
sunway,text,47,19.15%,0.00%,19.15%,6.38%,0.00%,6.38%,0.333333,0,14.89%
masala,text,47,36.17%,0.00%,36.17%,8.51%,0.00%,8.51%,0.75,0,4.26%
almond,text,47,55.32%,2.13%,53.19%,4.26%,2.13%,2.13%,0,0,4.26%
market,recent_searches,47,68.09%,2.13%,65.96%,34.04%,0.00%,34.04%,1,0,2.13%
tawook,text,47,61.70%,6.38%,57.45%,8.51%,0.00%,8.51%,2,0,4.26%
koronatesti,text,47,57.45%,36.17%,25.53%,21.28%,14.89%,6.38%,0.2,0.1,2.13%
pumpkin,text,47,40.43%,19.15%,25.53%,6.38%,4.26%,2.13%,0.333333,3.666667,4.26%
kivikko,text,47,51.06%,2.13%,51.06%,10.64%,0.00%,10.64%,0.4,0,0.00%
parmesan,text,47,57.45%,4.26%,53.19%,36.17%,0.00%,36.17%,0.647059,0,0.00%
burgers,text,46,23.91%,0.00%,23.91%,6.52%,0.00%,6.52%,0.666667,0,0.00%
pancakes,text,46,65.22%,28.26%,45.65%,13.04%,2.17%,10.87%,3.166667,11.833333,0.00%
fat li,text,46,36.96%,0.00%,36.96%,8.70%,0.00%,8.70%,0,0,2.17%
noodle sto,text,46,39.13%,0.00%,39.13%,15.22%,0.00%,15.22%,0,0,0.00%
buldak,text,46,58.70%,47.83%,28.26%,15.22%,15.22%,0.00%,0,4.571429,0.00%
citymarket,text,46,19.57%,2.17%,19.57%,0.00%,0.00%,0.00%,,,10.87%
lasten,text,46,28.26%,0.00%,28.26%,8.70%,0.00%,8.70%,0,0,6.52%
crusty,text,46,41.30%,2.17%,41.30%,15.22%,0.00%,15.22%,0,0,2.17%
makaroni,text,46,36.96%,0.00%,36.96%,10.87%,0.00%,10.87%,0.4,0,2.17%
wolt mar,text,46,32.61%,0.00%,32.61%,8.70%,0.00%,8.70%,1.25,0,4.35%
potato,text,45,22.22%,6.67%,17.78%,2.22%,2.22%,0.00%,0,0,2.22%
pancake,text,45,44.44%,24.44%,31.11%,17.78%,8.89%,8.89%,0.375,1.75,0.00%
eat pok,text,45,51.11%,0.00%,51.11%,35.56%,0.00%,35.56%,0.4375,0,2.22%
french fries,text,45,53.33%,28.89%,31.11%,8.89%,4.44%,4.44%,0.25,1,4.44%
joe an,text,45,22.22%,0.00%,22.22%,13.33%,0.00%,13.33%,0.5,0,4.44%
pancho,recent_searches,45,71.11%,0.00%,71.11%,24.44%,0.00%,24.44%,0.090909,0,4.44%
magnum bon,text,45,35.56%,0.00%,35.56%,0.00%,0.00%,0.00%,,,28.89%
rice story,text,45,66.67%,2.22%,66.67%,6.67%,0.00%,6.67%,0,0,2.22%
kokoro,recent_searches,45,66.67%,4.44%,62.22%,22.22%,4.44%,17.78%,0,0.8,2.22%
kampin,text,45,22.22%,0.00%,22.22%,4.44%,0.00%,4.44%,0,0,0.00%
momoto,text,44,47.73%,0.00%,47.73%,11.36%,0.00%,11.36%,0.2,0,4.55%
amarillo,text,44,0.00%,0.00%,0.00%,0.00%,0.00%,0.00%,,,6.82%
piknik,text,44,47.73%,2.27%,47.73%,11.36%,0.00%,11.36%,6.2,0,2.27%
magnolia,text,44,59.09%,6.82%,59.09%,0.00%,0.00%,0.00%,,,4.55%
siipiveikot,text,44,31.82%,0.00%,31.82%,18.18%,0.00%,18.18%,0,0,15.91%
succes,text,44,59.09%,6.82%,52.27%,6.82%,0.00%,6.82%,0,0,0.00%
kaalimato,text,44,79.55%,2.27%,79.55%,4.55%,0.00%,4.55%,0,0,15.91%
bentosi,text,44,68.18%,4.55%,65.91%,11.36%,0.00%,11.36%,0,0,4.55%
hanko aa,text,43,60.47%,0.00%,60.47%,6.98%,0.00%,6.98%,0,0,4.65%
baba d,text,43,0.00%,0.00%,0.00%,0.00%,0.00%,0.00%,,,0.00%
risotto,text,43,60.47%,25.58%,46.51%,6.98%,4.65%,2.33%,0.333333,1.666667,6.98%
noodle story,recent_searches,43,51.16%,0.00%,51.16%,30.23%,0.00%,30.23%,0.076923,0,0.00%
tandoo,text,43,46.51%,2.33%,44.19%,11.63%,2.33%,9.30%,0.4,0,4.65%
chengdu,text,43,69.77%,0.00%,69.77%,16.28%,0.00%,16.28%,0,0,0.00%
noodle mas,text,42,54.76%,0.00%,54.76%,9.52%,0.00%,9.52%,0,0,0.00%
hesburger,recent_searches,42,21.43%,2.38%,19.05%,7.14%,0.00%,7.14%,0.333333,0,7.14%
mangal,text,42,50.00%,0.00%,50.00%,14.29%,0.00%,14.29%,0,0,2.38%
vietnamilainen,text,42,47.62%,2.38%,47.62%,14.29%,0.00%,14.29%,3.166667,0,0.00%
kuopio,text,42,30.95%,0.00%,30.95%,0.00%,0.00%,0.00%,,,4.76%
macdonalds,text,42,42.86%,0.00%,42.86%,16.67%,0.00%,16.67%,0.142857,0,19.05%
aangan,text,42,64.29%,0.00%,64.29%,23.81%,0.00%,23.81%,0,0,2.38%
malmin,text,42,42.86%,0.00%,42.86%,14.29%,0.00%,14.29%,0.166667,0,4.76%
pizza service,text,42,45.24%,0.00%,45.24%,14.29%,0.00%,14.29%,0,0,4.76%
kung food,text,42,33.33%,2.38%,30.95%,9.52%,0.00%,9.52%,0.75,0,0.00%
brokadi,text,42,54.76%,4.76%,54.76%,23.81%,0.00%,23.81%,0,0,2.38%
noodle ,text,42,38.10%,0.00%,38.10%,9.52%,0.00%,9.52%,0.5,0,7.14%
vg wok,text,41,68.29%,2.44%,68.29%,17.07%,0.00%,17.07%,0.142857,0,4.88%
breaking bread,text,41,0.00%,0.00%,0.00%,0.00%,0.00%,0.00%,,,2.44%
pizza cartel,text,41,53.66%,0.00%,53.66%,17.07%,0.00%,17.07%,0.285714,0,2.44%
santa fe,text,41,58.54%,2.44%,58.54%,12.20%,0.00%,12.20%,0,0,0.00%
chocolate,text,41,41.46%,2.44%,39.02%,14.63%,0.00%,14.63%,0.5,0,2.44%
classic pizza,text,41,41.46%,0.00%,41.46%,19.51%,0.00%,19.51%,0.5,0,2.44%
bites burger,text,41,58.54%,2.44%,56.10%,9.76%,0.00%,9.76%,0,0,0.00%
kickin,text,41,63.41%,0.00%,63.41%,26.83%,0.00%,26.83%,0.090909,0,0.00%
breaking,text,40,0.00%,0.00%,0.00%,0.00%,0.00%,0.00%,,,2.50%
sushiba,text,40,42.50%,2.50%,40.00%,10.00%,0.00%,10.00%,0,0,0.00%
thai o,text,40,25.00%,0.00%,25.00%,10.00%,0.00%,10.00%,0,0,0.00%
wolt m,text,40,40.00%,0.00%,40.00%,10.00%,0.00%,10.00%,0,0,7.50%
nepalese,recent_searches,40,27.50%,0.00%,27.50%,17.50%,0.00%,17.50%,8.857143,0,10.00%
momotoko,recent_searches,40,62.50%,0.00%,62.50%,20.00%,0.00%,20.00%,0.125,0,0.00%
naughty brgr,text,40,32.50%,0.00%,32.50%,7.50%,0.00%,7.50%,18.666667,0,2.50%
kalasatama,text,40,37.50%,0.00%,37.50%,10.00%,0.00%,10.00%,1,0,5.00%
sörkän rinkula,text,40,65.00%,5.00%,60.00%,5.00%,2.50%,2.50%,0,0,5.00%
factory,text,40,37.50%,2.50%,35.00%,10.00%,0.00%,10.00%,0.25,0,7.50%
joe and the juice,text,39,25.64%,0.00%,25.64%,2.56%,0.00%,2.56%,0,0,7.69%
burger co,text,39,53.85%,0.00%,53.85%,10.26%,0.00%,10.26%,0,0,10.26%
kruunu,text,39,43.59%,0.00%,43.59%,10.26%,0.00%,10.26%,0.25,0,2.56%
momo toko,text,39,56.41%,0.00%,56.41%,7.69%,0.00%,7.69%,0,0,5.13%
k market ,text,39,48.72%,0.00%,48.72%,17.95%,0.00%,17.95%,1,0,7.69%
tintin,text,39,66.67%,0.00%,66.67%,15.38%,0.00%,15.38%,0,0,2.56%
pho nokis,text,39,56.41%,2.56%,53.85%,20.51%,0.00%,20.51%,0,0,0.00%
greek,text,39,46.15%,0.00%,46.15%,5.13%,0.00%,5.13%,0,0,2.56%
juhlamaailma,text,39,66.67%,2.56%,66.67%,7.69%,0.00%,7.69%,1,0,0.00%
samrat,text,39,41.03%,0.00%,41.03%,10.26%,0.00%,10.26%,0,0,5.13%
annapurna,text,39,53.85%,0.00%,53.85%,17.95%,0.00%,17.95%,0,0,2.56%
friends & brgrs,text,39,46.15%,0.00%,46.15%,5.13%,0.00%,5.13%,0.5,0,0.00%
chiken,text,39,20.51%,2.56%,20.51%,2.56%,0.00%,2.56%,1,0,7.69%
cookie,text,39,30.77%,12.82%,20.51%,2.56%,2.56%,0.00%,0,3,5.13%
bangkok 9,text,39,66.67%,0.00%,66.67%,15.38%,0.00%,15.38%,0.285714,0,2.56%
teatteri,text,38,50.00%,0.00%,50.00%,21.05%,0.00%,21.05%,0,0,0.00%
pueblo,text,38,71.05%,0.00%,71.05%,18.42%,0.00%,18.42%,0,0,0.00%
espresso ,text,38,65.79%,0.00%,65.79%,15.79%,0.00%,15.79%,0,0,10.53%
nanking,text,38,57.89%,0.00%,57.89%,28.95%,0.00%,28.95%,0,0,0.00%
blondi,text,38,0.00%,0.00%,0.00%,0.00%,0.00%,0.00%,,,2.63%
la torr,text,38,42.11%,0.00%,42.11%,5.26%,0.00%,5.26%,0,0,0.00%
iphone,text,38,42.11%,13.16%,31.58%,2.63%,0.00%,2.63%,1,0,0.00%
cheesesteak,text,38,10.53%,0.00%,10.53%,0.00%,0.00%,0.00%,,,2.63%
green hipp,text,37,59.46%,2.70%,59.46%,18.92%,0.00%,18.92%,0.428571,0,0.00%
dennis,text,37,67.57%,0.00%,67.57%,24.32%,0.00%,24.32%,0,0,5.41%
hakaniemi,text,37,24.32%,0.00%,24.32%,5.41%,0.00%,5.41%,0,0,2.70%
verkkok,text,37,0.00%,0.00%,0.00%,0.00%,0.00%,0.00%,,,0.00%
daddys,text,37,45.95%,5.41%,43.24%,10.81%,0.00%,10.81%,0.25,0,0.00%
pizzala,text,37,78.38%,0.00%,78.38%,8.11%,0.00%,8.11%,0,0,0.00%
waffle,text,37,29.73%,8.11%,21.62%,5.41%,2.70%,2.70%,0,4.5,8.11%
oishi 18,text,37,54.05%,2.70%,54.05%,16.22%,0.00%,16.22%,0.166667,0,5.41%
lemon grass,text,37,10.81%,2.70%,8.11%,2.70%,0.00%,2.70%,2,0,0.00%
gurkha,text,37,59.46%,0.00%,59.46%,16.22%,0.00%,16.22%,0,0,0.00%
emotion,text,37,24.32%,0.00%,24.32%,0.00%,0.00%,0.00%,,,5.41%
lumbini,text,36,61.11%,5.56%,61.11%,16.67%,2.78%,13.89%,0,0.5,0.00%
normal,text,36,8.33%,0.00%,8.33%,0.00%,0.00%,0.00%,,,2.78%